{
    "sin_filtrado": 0.4555890901698153,
    "filas_posteriores": 0.4559800213456289,
    "kmeans": 0.8235338030317797,
    "plano": 0.6253003975690185,
    "punto_medio": 0.7883415658897649
}