{
    "sin_filtrado": 0.4668870943924107,
    "filas_posteriores": 0.48827114891074813,
    "kmeans": 0.8693515683070954,
    "plano": 0.6417701477909823,
    "punto_medio": 0.8419498402622947
}