{
    "stereo": {
        "sin_filtrado": {
            "real": {
                "completo": {
                    "conteo": 8003,
                    "ER": 0.5664513603444901
                },
                "mitad": {
                    "conteo": 4134,
                    "ER": 0.6186374314800314
                }
            },
            "3x5": {
                "completo": {
                    "conteo": 784,
                    "ER": 1.3058823529411765
                },
                "mitad": {
                    "conteo": 359,
                    "ER": 1.111764705882353
                }
            },
            "1x5": {
                "completo": {
                    "conteo": 766,
                    "ER": 1.1885714285714286
                },
                "mitad": {
                    "conteo": 344,
                    "ER": 0.9657142857142857
                }
            }
        },
        "filas_posteriores": {
            "real": {
                "completo": {
                    "conteo": 7038,
                    "ER": 0.3775689958896066
                },
                "mitad": {
                    "conteo": 3721,
                    "ER": 0.45693030540328894
                }
            },
            "3x5": {
                "completo": {
                    "conteo": 746,
                    "ER": 1.1941176470588235
                },
                "mitad": {
                    "conteo": 344,
                    "ER": 1.0235294117647058
                }
            },
            "1x5": {
                "mitad": {
                    "conteo": 335,
                    "ER": 0.9142857142857143
                },
                "completo": {
                    "conteo": 732,
                    "ER": 1.0914285714285714
                }
            }
        },
        "punto_medio": {
            "3x5": {
                "completo": {
                    "conteo": 415,
                    "ER": 0.22058823529411764
                },
                "mitad": {
                    "conteo": 198,
                    "ER": 0.16470588235294117
                }
            },
            "real": {
                "mitad": {
                    "conteo": 2805,
                    "ER": 0.09827721221613156
                },
                "completo": {
                    "conteo": 5244,
                    "ER": 0.026423957721667644
                }
            },
            "1x5": {
                "completo": {
                    "conteo": 456,
                    "ER": 0.3028571428571429
                },
                "mitad": {
                    "conteo": 210,
                    "ER": 0.2
                }
            }
        },
        "kmeans": {
            "real": {
                "mitad": {
                    "conteo": 2980,
                    "ER": 0.1667971808927173
                },
                "completo": {
                    "conteo": 5570,
                    "ER": 0.09023292229399099
                }
            },
            "1x5": {
                "mitad": {
                    "conteo": 199,
                    "ER": 0.13714285714285715
                },
                "completo": {
                    "conteo": 451,
                    "ER": 0.2885714285714286
                }
            },
            "3x5": {
                "mitad": {
                    "conteo": 198,
                    "ER": 0.16470588235294117
                },
                "completo": {
                    "conteo": 414,
                    "ER": 0.21764705882352942
                }
            }
        },
        "plano": {
            "real": {
                "completo": {
                    "conteo": 3063,
                    "ER": 0.4004697592483852
                },
                "mitad": {
                    "conteo": 1333,
                    "ER": 0.4780736100234926
                }
            },
            "3x5": {
                "mitad": {
                    "conteo": 264,
                    "ER": 0.5529411764705883
                },
                "completo": {
                    "conteo": 535,
                    "ER": 0.5735294117647058
                }
            },
            "1x5": {
                "mitad": {
                    "conteo": 314,
                    "ER": 0.7942857142857143
                },
                "completo": {
                    "conteo": 602,
                    "ER": 0.72
                }
            }
        }
    },
    "depth": {
        "plano": {
            "1x5": {
                "mitad": {
                    "conteo": 336,
                    "ER": 0.92
                },
                "completo": {
                    "conteo": 698,
                    "ER": 0.9942857142857143
                }
            },
            "3x5": {
                "completo": {
                    "conteo": 709,
                    "ER": 1.0852941176470587
                },
                "mitad": {
                    "conteo": 315,
                    "ER": 0.8529411764705882
                }
            }
        },
        "sin_filtrado": {
            "3x5": {
                "completo": {
                    "conteo": 914,
                    "ER": 1.688235294117647
                },
                "mitad": {
                    "conteo": 397,
                    "ER": 1.3352941176470587
                }
            },
            "1x5": {
                "completo": {
                    "conteo": 879,
                    "ER": 1.5114285714285713
                },
                "mitad": {
                    "conteo": 379,
                    "ER": 1.1657142857142857
                }
            }
        },
        "punto_medio": {
            "3x5": {
                "completo": {
                    "conteo": 561,
                    "ER": 0.65
                },
                "mitad": {
                    "conteo": 258,
                    "ER": 0.5176470588235295
                }
            },
            "1x5": {
                "completo": {
                    "conteo": 551,
                    "ER": 0.5742857142857143
                },
                "mitad": {
                    "conteo": 261,
                    "ER": 0.49142857142857144
                }
            }
        },
        "filas_posteriores": {
            "3x5": {
                "mitad": {
                    "conteo": 396,
                    "ER": 1.3294117647058823
                },
                "completo": {
                    "conteo": 913,
                    "ER": 1.6852941176470588
                }
            },
            "1x5": {
                "completo": {
                    "conteo": 877,
                    "ER": 1.5057142857142858
                },
                "mitad": {
                    "conteo": 379,
                    "ER": 1.1657142857142857
                }
            }
        },
        "kmeans": {
            "1x5": {
                "mitad": {
                    "conteo": 241,
                    "ER": 0.37714285714285717
                },
                "completo": {
                    "conteo": 539,
                    "ER": 0.54
                }
            },
            "3x5": {
                "completo": {
                    "conteo": 553,
                    "ER": 0.6264705882352941
                },
                "mitad": {
                    "conteo": 246,
                    "ER": 0.4470588235294118
                }
            }
        }
    }
}